{"cameraMode":{"drawMode":0,"name":"Shaded","section":"Shading Mode"},"sceneLighting":true,"audioPlay":false,"sceneViewState":{"showFog":true,"showMaterialUpdate":false,"showSkybox":true,"showFlares":true,"showImageEffects":true,"showParticleSystems":true},"in2DMode":false,"pivot":{"x":4.462455749511719,"y":2.724344491958618,"z":-6.969969272613525},"rotation":{"x":-0.08457435667514801,"y":0.7609221935272217,"z":-0.10125234723091126,"w":-0.6353376507759094},"size":77.72228240966797,"orthographic":false}