{"cameraMode":{"drawMode":0,"name":"Shaded","section":"Shading Mode"},"sceneLighting":true,"audioPlay":false,"sceneViewState":{"showFog":true,"showMaterialUpdate":false,"showSkybox":true,"showFlares":true,"showImageEffects":true,"showParticleSystems":true},"in2DMode":false,"pivot":{"x":1.2599999904632569,"y":2.990000009536743,"z":2.799999952316284},"rotation":{"x":-0.05426616966724396,"y":-0.9441762566566467,"z":0.20006892085075379,"w":-0.2561245560646057},"size":0.44944989681243899,"orthographic":false}